Métrique,Catégorie,2026-03-31 00:00:00,2026-06-30 00:00:00,2025-12-31 00:00:00,2025-06-30 00:00:00,2024-12-31 00:00:00
Diluted Average Shares,Compte de Résultat,234707316.0,,,,
Basic Average Shares,Compte de Résultat,234707316.0,,,,
Treasury Shares Number,Bilan,,3540391.0,0.0,4627761.0,
Ordinary Shares Number,Bilan,,232589196.0,234707316.0,240339132.0,243667720.0
Share Issued,Bilan,,236129587.0,234707316.0,,243667720.0
Net Debt,Bilan,,2921000000.0,2452000000.0,2447000000.0,1740000000.0
Total Debt,Bilan,,4764000000.0,4296000000.0,,3739000000.0
Tangible Book Value,Bilan,,-1439000000.0,-1091000000.0,-1005000000.0,-561000000.0
Invested Capital,Bilan,,8190000000.0,7942000000.0,,8016000000.0
Working Capital,Bilan,,881000000.0,134000000.0,,153000000.0
Net Tangible Assets,Bilan,,-1439000000.0,-1091000000.0,,-561000000.0
Capital Lease Obligations,Bilan,,607000000.0,639000000.0,,755000000.0
Common Stock Equity,Bilan,,4033000000.0,4285000000.0,,5032000000.0
Total Capitalization,Bilan,,7437000000.0,7401000000.0,7477000000.0,7556000000.0
Total Equity Gross Minority Interest,Bilan,,4477000000.0,4717000000.0,,5469000000.0
Minority Interest,Bilan,,444000000.0,432000000.0,,437000000.0
Stockholders Equity,Bilan,,4033000000.0,4285000000.0,,5032000000.0
Other Equity Interest,Bilan,,991000000.0,991000000.0,991000000.0,1148000000.0
Retained Earnings,Bilan,,114000000.0,449000000.0,233000000.0,610000000.0
Additional Paid In Capital,Bilan,,2220000000.0,2141000000.0,,2543000000.0
Capital Stock,Bilan,,708000000.0,704000000.0,735000000.0,731000000.0
Common Stock,Bilan,,708000000.0,704000000.0,735000000.0,731000000.0
Total Liabilities Net Minority Interest,Bilan,,7590000000.0,7027000000.0,7059000000.0,6588000000.0
Total Non Current Liabilities Net Minority Interest,Bilan,,4568000000.0,4254000000.0,,3770000000.0
Other Non Current Liabilities,Bilan,,2000000.0,1000000.0,,
Derivative Product Liabilities,Bilan,,0.0,0.0,,0.0
Non Current Pension And Other Postretirement Benefit Plans,Bilan,,47000000.0,50000000.0,,53000000.0
Non Current Deferred Revenue,Bilan,,30000000.0,37000000.0,,27000000.0
Non Current Deferred Taxes Liabilities,Bilan,,549000000.0,484000000.0,484000000.0,503000000.0
Long Term Debt And Capital Lease Obligation,Bilan,,3907000000.0,3655000000.0,,3151000000.0
Long Term Capital Lease Obligation,Bilan,,503000000.0,539000000.0,,627000000.0
Long Term Debt,Bilan,,3404000000.0,3116000000.0,3128000000.0,2524000000.0
Long Term Provisions,Bilan,,33000000.0,27000000.0,34000000.0,36000000.0
Current Liabilities,Bilan,,3022000000.0,2773000000.0,,2818000000.0
Other Current Liabilities,Bilan,,1294000000.0,423000000.0,1267000000.0,373000000.0
Current Debt And Capital Lease Obligation,Bilan,,857000000.0,641000000.0,,588000000.0
Current Capital Lease Obligation,Bilan,,104000000.0,100000000.0,110000000.0,128000000.0
Current Debt,Bilan,,753000000.0,541000000.0,454000000.0,460000000.0
Current Provisions,Bilan,,167000000.0,151000000.0,,122000000.0
Payables,Bilan,,553000000.0,1150000000.0,,1262000000.0
Other Payable,Bilan,,,383000000.0,,412000000.0
Total Tax Payable,Bilan,,45000000.0,241000000.0,,293000000.0
Accounts Payable,Bilan,,508000000.0,526000000.0,,557000000.0
Total Assets,Bilan,,12067000000.0,11744000000.0,,12057000000.0
Total Non Current Assets,Bilan,,8165000000.0,8839000000.0,,9087000000.0
Other Non Current Assets,Bilan,,1000000.0,1000000.0,,3000000.0
Non Current Prepaid Assets,Bilan,,18000000.0,16000000.0,17000000.0,17000000.0
Non Current Deferred Taxes Assets,Bilan,,291000000.0,272000000.0,,268000000.0
Investmentin Financial Assets,Bilan,,158000000.0,192000000.0,221000000.0,216000000.0
Available For Sale Securities,Bilan,,158000000.0,192000000.0,221000000.0,216000000.0
Long Term Equity Investment,Bilan,,579000000.0,1405000000.0,1325000000.0,1367000000.0
Investmentsin Joint Venturesat Cost,Bilan,,,97000000.0,,103000000.0
Investments In Other Ventures Under Equity Method,Bilan,,,110000000.0,,99000000.0
Investmentsin Associatesat Cost,Bilan,,579000000.0,1308000000.0,1325000000.0,1264000000.0
Goodwill And Other Intangible Assets,Bilan,,5472000000.0,5376000000.0,,5593000000.0
Other Intangible Assets,Bilan,,3067000000.0,3028000000.0,,3196000000.0
Goodwill,Bilan,,2405000000.0,2348000000.0,,2397000000.0
Net PPE,Bilan,,916000000.0,922000000.0,978000000.0,1053000000.0
Accumulated Depreciation,Bilan,,-1018000000.0,-458000000.0,-847000000.0,-448000000.0
Gross PPE,Bilan,,1934000000.0,1380000000.0,1825000000.0,1501000000.0
Construction In Progress,Bilan,,42000000.0,67000000.0,,40000000.0
Other Properties,Bilan,,1046000000.0,6000000.0,1014000000.0,10000000.0
Machinery Furniture Equipment,Bilan,,352000000.0,294000000.0,,316000000.0
Buildings And Improvements,Bilan,,242000000.0,773000000.0,,873000000.0
Land And Improvements,Bilan,,252000000.0,240000000.0,239000000.0,262000000.0
Properties,Bilan,,0.0,0.0,,0.0
Current Assets,Bilan,,3903000000.0,2907000000.0,,2971000000.0
Other Current Assets,Bilan,,543000000.0,,,
Hedging Assets Current,Bilan,,,34000000.0,50000000.0,19000000.0
Assets Held For Sale Current,Bilan,,867000000.0,96000000.0,,155000000.0
Prepaid Assets,Bilan,,,54000000.0,,62000000.0
Inventory,Bilan,,35000000.0,34000000.0,,39000000.0
Other Receivables,Bilan,,44000000.0,418000000.0,190000000.0,450000000.0
Taxes Receivable,Bilan,,65000000.0,237000000.0,68000000.0,199000000.0
Accounts Receivable,Bilan,,934000000.0,829000000.0,856000000.0,803000000.0
Allowance For Doubtful Accounts Receivable,Bilan,,,-100000000.0,,-117000000.0
Gross Accounts Receivable,Bilan,,,929000000.0,,919000000.0
Cash Cash Equivalents And Short Term Investments,Bilan,,1415000000.0,1205000000.0,,1244000000.0
Other Short Term Investments,Bilan,,179000000.0,,,139000000.0
Cash And Cash Equivalents,Bilan,,1236000000.0,1205000000.0,1135000000.0,1244000000.0
Cash Equivalents,Bilan,,,811000000.0,,752000000.0
Cash Financial,Bilan,,,394000000.0,,492000000.0
